{
  "HorizonLayout":[
    {
    "layout":"logo",
    "showMenu":false,
    "showSearch":true,
    "showLogo":true,
    "showCart":false,
    "showNotification":true,
    "menuIcon":{
    "name":"blur_on",
    "fontFamily":"MaterialIcons"
    },
    "logoSize":50,
    "image":"https://trello.com/1/cards/63587806a57fae002ab4b20f/attachments/64eb6fed863cb6be33dc8b11/download/logo.png"
    },
    {
    "layout":"spacer",
    "height":17.4061433447099,
    "backgroundColor":null,
    "useLightColor":false
    },
    {
    "layout":"bannerImage",
    "design":"default",
    "fit":"fitWidth",
    "marginLeft":null,
    "items":[
    {
    "image":"https://trello.com/1/cards/63587806a57fae002ab4b20f/attachments/64eb6e96756c1af2de41547b/download/56565_570x.jpg",
    "showSubcategory":false,
    "bannerWithProduct":false,
    "defaultShowProduct":false,
    "products":[],
    "video":""
    },
    {
    "image":"https://trello.com/1/cards/63587806a57fae002ab4b20f/attachments/64eb6ea9fbbb646063a1bf0d/download/1_copy_570x.jpg",
    "showSubcategory":false,
    "bannerWithProduct":false,
    "defaultShowProduct":false,
    "products":[],
    "video":""
    }
    ],
    "marginBottom":0,
    "marginRight":null,
    "marginTop":0,
    "radius":2,
    "padding":0,
    "enableParallax":false,
    "parallaxImageRatio":1.2,
    "isHorizontal":false,
    "isSlider":true,
    "autoPlay":false,
    "intervalTime":1,
    "showNumber":false,
    "isBlur":false,
    "showBackground":false,
    "upHeight":0,
    "isSoundOn":false,
    "enableTimeIndicator":true,
    "autoPlayVideo":false,
    "doubleTapToFullScreen":false,
    "pageIndicatorType":"line",
    "parallax":false
    },
    {
    "isSafeArea":false,
    "showSearch":false,
    "usePrimaryColor":true,
    "borderInput":false,
    "title":" ـــــــــــــــــ أقسام خضرا الأساسية ـــــــــــــــــ",
    "type":"static",
    "alignment":"center",
    "fontWeight":400,
    "fontSize":18,
    "textOpacity":1,
    "marginLeft":22,
    "marginRight":0,
    "marginBottom":0,
    "marginTop":0,
    "paddingLeft":5,
    "paddingRight":15,
    "paddingTop":0,
    "paddingBottom":0,
    "height":65.5,
    "rotate":[],
    "minWidth":0,
    "backgroundGradientColor":[],
    "layout":"header_text"
    },
    {
    "layout":"category",
    "type":"image",
    "wrap":true,
    "showShortDescription":true,
    "size":1,
    "radius":16,
    "spacing":12,
    "items":[
    {
    "category":"gid://shopify/Collection/456821080374",
    "image":"https://trello.com/1/cards/63587806a57fae002ab4b20f/attachments/64eda0d072aac2283cfb5048/download/%D9%87%D8%AF%D8%A7%D9%8A%D8%A7.png",
    "showText":false,
    "originalColor":true,
    "keepDefaultTitle":false,
    "showDescription":false,
    "productType":false,
    "title":"T-Shirt",
    "onSale":false,
    "isFeatured":false
    },
    {
    "category":"gid://shopify/Collection/456821047606",
    "image":"https://trello.com/1/cards/63587806a57fae002ab4b20f/attachments/64eda18eaf292048a6f5c5cf/download/%D9%85%D8%B3%D8%AA%D9%84%D8%B2%D9%85%D8%A7%D8%AA_%D8%B2%D8%B1%D8%A7%D8%B9%D9%8A%D8%A9.png",
    "showText":false,
    "originalColor":true,
    "keepDefaultTitle":false,
    "showDescription":false,
    "productType":false,
    "title":"Jeans",
    "onSale":false,
    "isFeatured":false
    },
    {
    "image":"https://trello.com/1/cards/63587806a57fae002ab4b20f/attachments/64eda1a7cd6eed76b0ca606e/download/%D8%B9%D8%B1%D9%88%D8%B6_%D8%A7%D9%84%D9%85%D9%88%D8%B3%D9%85.png",
    "showText":false,
    "originalColor":true,
    "keepDefaultTitle":false,
    "showDescription":false,
    "productType":false,
    "title":"Jacket",
    "onSale":false,
    "isFeatured":false
    },
    {
    "category":"gid://shopify/Collection/456821145910",
    "image":"https://trello.com/1/cards/63587806a57fae002ab4b20f/attachments/64eda1c5e667814cb599401a/download/%D8%B9%D8%B1%D9%88%D8%B6_%D8%A7%D9%84%D9%85%D9%88%D8%B3%D9%85_copy.png",
    "showText":false,
    "originalColor":true,
    "keepDefaultTitle":false,
    "showDescription":false,
    "productType":false,
    "title":"Suit",
    "onSale":false,
    "isFeatured":false
    },
    {
    "category":"gid://shopify/Collection/456820883766",
    "image":"https://trello.com/1/cards/63587806a57fae002ab4b20f/attachments/64eda1f2951154fb81ac84b5/download/%D8%A7%D9%84%D9%86%D8%A8%D8%A7%D8%AA%D8%A7%D8%AA_%D8%A7%D9%84%D8%AE%D8%A7%D8%B1%D8%AC%D9%8A%D8%A9.png",
    "showText":false,
    "originalColor":true,
    "keepDefaultTitle":false,
    "showDescription":false,
    "productType":false,
    "title":"Dress",
    "onSale":false,
    "isFeatured":false
    },
    {
    "category":"gid://shopify/Collection/456820949302",
    "image":"https://trello.com/1/cards/63587806a57fae002ab4b20f/attachments/64eda2032d4f89684aea918d/download/%D8%A3%D8%AD%D9%88%D8%A7%D8%B6_%D8%A7%D9%84%D9%86%D8%A8%D8%A7%D8%AA%D8%A7%D8%AA.png",
    "showText":false,
    "originalColor":true,
    "keepDefaultTitle":false,
    "showDescription":false,
    "productType":false,
    "title":"Bag",
    "onSale":false,
    "isFeatured":false
    },
    {
    "category":"gid://shopify/Collection/456820982070",
    "image":"https://trello.com/1/cards/63587806a57fae002ab4b20f/attachments/64eda24d4e9f0cf04e99e2fc/download/%D8%A3%D8%AD%D9%88%D8%A7%D8%B6_%D8%A7%D9%84%D9%86%D8%A8%D8%A7%D8%AA%D8%A7%D8%AA_copy.png",
    "showText":false,
    "originalColor":true,
    "keepDefaultTitle":false,
    "showDescription":false,
    "productType":false,
    "title":"Glasses",
    "onSale":false,
    "isFeatured":false
    },
    {
    "category":"gid://shopify/Collection/456820818230",
    "image":"https://trello.com/1/cards/63587806a57fae002ab4b20f/attachments/64eda25ee17e637387f7e34a/download/%D8%A7%D9%84%D9%86%D8%A8%D8%A7%D8%AA%D8%A7%D8%AA_%D8%A7%D9%84%D8%AF%D8%A7%D8%AE%D9%84%D9%8A%D8%A9.png",
    "showText":false,
    "originalColor":true,
    "keepDefaultTitle":false,
    "showDescription":false,
    "productType":false,
    "title":"Hat",
    "onSale":false,
    "isFeatured":false
    }
    ],
    "line":false,
    "marginLeft":0,
    "marginRight":0,
    "marginTop":0,
    "marginBottom":10,
    "paddingX":6,
    "paddingY":6,
    "marginX":0,
    "marginY":0,
    "hideTitle":false,
    "noBackground":false,
    "imageBorderWidth":0,
    "imageBorderStyle":"dot",
    "imageSpacing":0,
    "labelFontSize":15,
    "horizontalItem":false,
    "separateWidth":24,
    "border":0.6,
    "enableBorder":false,
    "textAlignment":"topCenter",
    "imageBoxFit":"fitWidth",
    "columns":4,
    "itemSize":{
    "width":270,
    "height":118}
    },
    {
    "layout":"bannerImage",
    "design":"default",
    "fit":"cover",
    "marginLeft":null,
    "items":[
    {
    "image":"https://trello.com/1/cards/63587806a57fae002ab4b20f/attachments/64eda495f2a0a733a9aa6b2d/download/56565_570x.jpg",
    "showSubcategory":false,
    "bannerWithProduct":false,
    "defaultShowProduct":false,
    "products":[],
    "video":""
    }
    ],
    "marginBottom":0,
    "height":0.3,
    "marginRight":null,
    "marginTop":0,
    "radius":0,
    "padding":0,
    "enableParallax":false,
    "parallaxImageRatio":1.2,
    "isHorizontal":false,
    "isSlider":true,
    "autoPlay":true,
    "intervalTime":10,
    "showNumber":false,
    "isBlur":false,
    "showBackground":false,
    "upHeight":0,
    "isSoundOn":false,
    "enableTimeIndicator":true,
    "autoPlayVideo":false,
    "doubleTapToFullScreen":false,
    "pageIndicatorType":"line",
    "parallax":false
    },
    {
    "layout":"threeColumn",
    "name":"Recent Collections",
    "isSnapping":false,
    "rows":1,
    "columns":0,
    "imageBoxfit":"cover",
    "imageRatio":1.032813970726657,
    "hMargin":6,
    "vMargin":0,
    "hPadding":8,
    "vPadding":0,
    "showStockStatus":false,
    "enableRating":false,
    "hideTitle":false,
    "hideStore":false,
    "hidePrice":false,
    "featured":false,
    "showHeart":false,
    "showCartButton":true,
    "cartIconRadius":20,
    "showQuantity":false,
    "showCartIconColor":true,
    "showCartIcon":false,
    "enableBottomAddToCart":false,
    "cardDesign":"card",
    "borderRadius":12,
    "boxShadow":{
    "blurRadius":12.01010101010101,
    "colorOpacity":0.1,
    "spreadRadius":10,
    "x":4,
    "y":6
    },
    "image":"",
    "titleLine":2,
    "backgroundRadius":10,
    "showCountDown":false,
    "onSale":false,
    "hideEmptyProductListRating":false,
    "showOnlyImage":false,
    "showCartButtonWithQuantity":false,
    "parallax":false,
    "parallaxImageRatio":1.2,
    "hideEmptyProductLayout":false,
    "productListItemHeight":125,
    "enableAutoSliding":false,
    "productType":false
    }
    ],
    "aboutData":{
      "id":3,
      "container":{
      "height":0.45,
      "image":{
      "height":0.3,
      "width":1,
      "url":"https://khadrah.com/cdn/shop/files/web.png?v=1691247236&width=1370",
      "align":{
      "x":1,
      "y":1}
      },
      "header":{
      "align":{
      "x":0,
      "y":-0.8
      },
      "padding":{
      "horizontal":0,
      "vertical":0
      },
      "text":"من نحن",
      "subHeader":""}
      },
      "description":"عالم يتجدد على الدوام، فهل من المعقول أنك لم تغيّر صفحة “من نحن” الخاصة بشركتك، التي اعتمدتها منذ خمس سنوات مضت؟ أم أن شركتك لم تتطور وبقيت تُراوح مكانها منذ تأسيسها وإطلاق الموقع. هناك دائما قصص جديدة ومثيرة تحدث، أو قصص قديمة قيلت وتحتاج أن يتم قصّها بطرق أكثر إثارة، هناك أهداف تم تحقيقها، وأهداف أخرى سُطّرت في شركتك، أفكارٌ تغيرت، مهارات وأفك",
      "background":"#D4F1E5"
      
  },
  "privacyData":{
    "id":3,
    "container":{
    "height":0.45,
    "image":{
    "height":0.3,
    "width":1,
    "url":"https://khadrah.com/cdn/shop/files/web.png?v=1691247236&width=1370",
    "align":{
    "x":1,
    "y":1}
    },
    "header":{
    "align":{
    "x":0,
    "y":-0.8
    },
    "padding":{
    "horizontal":0,
    "vertical":0
    },
    "text":"من نحن",
    "subHeader":""}
    },
    "description":"عالم يتجدد على الدوام، فهل من المعقول أنك لم تغيّر صفحة “من نحن” الخاصة بشركتك، التي اعتمدتها منذ خمس سنوات مضت؟ أم أن شركتك لم تتطور وبقيت تُراوح مكانها منذ تأسيسها وإطلاق الموقع. هناك دائما قصص جديدة ومثيرة تحدث، أو قصص قديمة قيلت وتحتاج أن يتم قصّها بطرق أكثر إثارة، هناك أهداف تم تحقيقها، وأهداف أخرى سُطّرت في شركتك، أفكارٌ تغيرت، مهارات وأفك",
    "background":"#D4F1E5"
    
  },
  "smartChat":{"app":"https://wa.me/905528095357","description":"WhatsApp","iconData":"whatsapp"},
    "Setting":{
    "TabBarConfig":{
    "enable":true,
    "showMinimize":false,
    "isSafeArea":true,
    "color":null,
    "colorCart":"fffe2060",
    "colorIcon":"ff609062",
    "colorActiveIcon":"ff000000",
    "iconSize":23.025228226675463,
    "indicatorStyle":"material",
    "showFloatingClip":true,
    "showFloating":true,
    "enableOnTop":false,
    "enableDivider":true,
    "radiusTopLeft":0,
    "radiusTopRight":0,
    "radiusBottomLeft":0,
    "radiusBottomRight":0,
    "paddingLeft":0,
    "paddingRight":0,
    "paddingBottom":0,
    "paddingTop":0,
    "marginTop":0,
    "marginBottom":0,
    "marginLeft":0,
    "marginRight":0,
    "boxShadow":{
    "blurRadius":10,
    "colorOpacity":0.25,
    "spreadRadius":10,
    "x":0,
    "y":0
    },
    "alwaysShowTabBar":false,
    "TabBarIndicator":{
    "height":0,
    "tabPosition":"top",
    "topRightRadius":0,
    "topLeftRadius":0,
    "bottomRightRadius":9.988863169703269,
    "bottomLeftRadius":9.980371609191021,
    "color":"ff609062",
    "horizontalPadding":0,
    "verticalPadding":0,
    "strokeWidth":0,
    "radius":0,
    "distanceFromCenter":0,
    "paintingStyle":"fill"
    },
    "TabBarFloating":{
    "position":0,
    "radius":50,
    "color":"ff609062",
    "location":"startDocked",
    "width":50,
    "height":50,
    "elevation":2.005172228538149,
    "floatingType":"rectangle",
    "notchMargin":4,
    "isCoverMode":false}
    },
    "FontFamily":"Cairo",
    "FontHeader":"Cairo",
    "ProductDetail":"simpleType",
    "useMaterial3":false,
    "MainColor":"ff609062",
    "ShowChat":true,
    "AgeRestriction":{
    "enable":false,
    "alwaysShowUponOpen":true,
    "imageUrl":"",
    "minimumAge":21,
    "hintMessage":"What is your year of birth?",
    "useLogo":true,
    "title":"Welcome to our shop\nYou must be 21 or older to enter",
    "deniedMessage":"You are not of legal age to use this application",
    "backgroundImageUrl":""
    },
    "ProductListLayout":"list",
    "SmartEngagementBanner":{
    "popup":{
    "closePosition":"topRight",
    "updatedTime":1661314494281,
    "data":{
    "parallax":false,
    "enableParallax":false,
    "isHorizontal":false,
    "marginLeft":null,
    "layout":"bannerImage",
    "fit":"fitHeight",
    "marginRight":null,
    "parallaxImageRatio":1.2,
    "design":"static",
    "marginBottom":10,
    "items":[
    {
    "image":"https://i.imgur.com/ZL1LO75.png",
    "padding":0,
    "bannerWithProduct":false,
    "showSubcategory":false,
    "category":"22",
    "defaultShowProduct":false,
    "products":[]
    }
    ],
    "marginTop":10,
    "key":"p2oq4zc4hg",
    "height":0.45
    },
    "enable":false,
    "alwaysShowUponOpen":true
    },
    "flexible":{
    "canClose":true,
    "data":{
    "layout":"button",
    "marginBottom":0,
    "alignment":"topCenter",
    "items":[
    {
    "marginRight":0,
    "textFontSize":14,
    "image":"https://assets9.lottiefiles.com/private_files/lf30_a4mKwA.json",
    "useMaxWidth":true,
    "borderRadius":2,
    "width":100,
    "navigator":{
    "coupon":"blackf",
    "showSubcategory":false
    },
    "height":80,
    "marginLeft":0
    }
    ],
    "marginTop":0
    },
    "enable":false,
    "width":100,
    "canDrag":true,
    "height":100
    },
    "sticky":{
    "data":{
    "parallax":false,
    "enableParallax":false,
    "isHorizontal":false,
    "marginLeft":10,
    "layout":"bannerImage",
    "fit":"fitWidth",
    "marginRight":10,
    "parallaxImageRatio":1.2,
    "design":"static",
    "marginBottom":10,
    "items":[
    {
    "image":"https://i.imgur.com/LUaEM3v.jpeg",
    "padding":0,
    "coupon":"halfprice",
    "bannerWithProduct":false,
    "showSubcategory":false,
    "radius":9,
    "defaultShowProduct":false,
    "products":[]
    }
    ],
    "marginTop":10,
    "key":"ga8oe39k5t",
    "height":0.2
    },
    "enable":false}
    },
    "StickyHeader":false
    },
    "TabBar":[
    {
    "layout":"home",
    "icon":"home_filled",
    "fontFamily":"MaterialIcons",
    "pos":100,
    "visible":true,
    "defaultTab":true,
    "fullscreen":false
    },
    {
    "layout":"category",
    "icon":"cube_fill",
    "fontFamily":"CupertinoIcons",
    "pos":200,
    "defaultTab":false,
    "fullscreen":false,
    "categoryLayout":"card",
    "images":{
    "gid://shopify/Collection/456820818230":{
    "fontFamily":"CupertinoIcons",
    "name":"circle_grid_3x3_fill"}
    },
    "remapCategories":[
    {
    "name":"عروض الهدايا",
    "category":"gid://shopify/Collection/456821080374",
    "parent":"gid://shopify/Collection/456821113142",
    "image":"https://trello.com/1/cards/63587806a57fae002ab4b20f/attachments/64ea07e33dcb9b9588ccbc2a/download/Artboard-1.png"
    },
    {
    "name":"كروت الاهداء",
    "category":"gid://shopify/Collection/456821375286",
    "parent":"gid://shopify/Collection/456821113142",
    "image":"https://trello.com/1/cards/63587806a57fae002ab4b20f/attachments/64ea088df7b7780c191d9d24/download/Artboard-1.png"
    },
    {
    "name":"نباتات بيتية",
    "category":"gid://shopify/Collection/456820818230",
    "parent":"gid://shopify/Collection/456816492854"
    }
    ],
    "parallax":true,
    "parallaxImageRatio":1.2
    },
    {
    "layout":"cart",
    "fontFamily":"MaterialIcons",
    "visible":true,
    "fullscreen":false,
    "pos":300,
    "defaultTab":false,
    "icon":"shopping_cart_rounded"
    },
    {
    "layout":"profile",
    "icon":"person",
    "fontFamily":"MaterialIcons",
    "pos":400,
    "visible":true,
    "defaultTab":false,
    "fullscreen":false,
    "settings":["darkTheme",
    "order",
    "notifications",
    "wishlist",
    "about",
    "privacy"],
    "background":"https://trello.com/1/cards/63587806a57fae002ab4b20f/attachments/64e8719aa3ddb2350bb2d8fe/download/web_(1).jpg"
    }
    ],
    "Drawer":{
    "filter":0,
    "logoConfig":{
    "height":38,
    "marginLeft":5,
    "marginRight":0,
    "marginTop":60,
    "marginBottom":10,
    "boxFit":"contain"
    },
    "enable":false,
    "logo":"assets/images/logo.png",
    "subDrawerItem":{
    "button-21ct7h9hyz":{
    "buttonAlignment":"centerLeft",
    "buttons":[
    {
    "textFontSize":14,
    "marginRight":5,
    "image":"https://i.imgur.com/zFA6wKx.png",
    "width":40,
    "navigator":{
    "screen":"wishlist",
    "showSubcategory":false
    },
    "radius":0,
    "marginLeft":5,
    "height":40
    },
    {
    "textFontSize":14,
    "marginRight":5,
    "width":100,
    "navigator":{
    "screen":"wishlist",
    "showSubcategory":false
    },
    "text":"Wishlist",
    "radius":0,
    "marginLeft":5,
    "height":40
    }
    ]}
    },
    "safeArea":false,
    "items":[
    {
    "type":"home",
    "show":true
    },
    {
    "type":"blog",
    "show":true
    },
    {
    "type":"login",
    "show":true
    },
    {
    "type":"category",
    "show":true
    },
    {
    "type":"categories",
    "show":false
    },
    {
    "type":"cart",
    "show":false
    },
    {
    "type":"profile",
    "show":false
    }
    ],
    "key":"hsq0cv7ulj"
    },
    "AppBar":{
    "showOnScreens":["home"],
    "enable":false,
    "snap":true,
    "pinned":true,
    "floating":true,
    "elevation":0,
    "alwaysShowAppBar":false,
    "items":[
    {
    "type":"avatar",
    "action":"none",
    "pos":100,
    "textOpacity":0.5,
    "alignment":"center",
    "fontSize":16,
    "fontFamily":"CupertinoIcons",
    "fontWeight":"400",
    "icon":"person",
    "iconSize":24,
    "size":44,
    "radius":100,
    "iconColor":"ffffffff",
    "backgroundColor":"ff609062",
    "marginLeft":10,
    "marginRight":4,
    "marginTop":4,
    "marginBottom":4,
    "paddingLeft":0,
    "paddingRight":0,
    "paddingTop":0,
    "paddingBottom":0,
    "key":"l1ogdx2yzi",
    "avatarRadius":100,
    "spacingText":3,
    "headerTextOpacity":0.5,
    "headerFontSize":16,
    "headerFontWeight":"400"
    },
    {
    "type":"welcome_text",
    "action":"none",
    "pos":200,
    "title":"مرحبا {name}",
    "textOpacity":1,
    "alignment":"centerRight",
    "fontSize":16,
    "fontFamily":"CupertinoIcons",
    "fontWeight":"400",
    "textColor":"ff000000",
    "icon":"person",
    "iconSize":24,
    "size":44,
    "radius":24,
    "marginLeft":4,
    "marginRight":4,
    "marginTop":4,
    "marginBottom":4,
    "paddingLeft":4,
    "paddingRight":4,
    "paddingTop":4,
    "paddingBottom":4,
    "key":"bt2de7kkzh",
    "avatarRadius":100,
    "spacingText":4,
    "headerText":"اهلا بكم في خضرا",
    "headerTextOpacity":1,
    "headerFontSize":18,
    "headerFontWeight":"500",
    "headerTextColor":"ff000000"
    },
    {
    "type":"icon",
    "action":"notification",
    "pos":400,
    "textOpacity":0.5,
    "alignment":"center",
    "fontSize":16,
    "fontFamily":"CupertinoIcons",
    "fontWeight":"400",
    "icon":"bell",
    "iconSize":24,
    "size":44,
    "radius":24,
    "marginLeft":4,
    "marginRight":4,
    "marginTop":4,
    "marginBottom":4,
    "paddingLeft":4,
    "paddingRight":4,
    "paddingTop":4,
    "paddingBottom":4,
    "key":"gqhk6m5bgo",
    "avatarRadius":100,
    "spacingText":3,
    "headerTextOpacity":0.5,
    "headerFontSize":16,
    "headerFontWeight":"400"
    }
    ],
    "expandedItems":[]
    }
   }