{
  "HorizonLayout":[
    {
    "layout":"logo",
    "image":"https://trello.com/1/cards/63587806a57fae002ab4b20f/attachments/64f3a49bf4e03bd848952086/download/logo.png",
    "showLogo":true,
    "menuIcon":{
    "fontFamily":"MaterialIcons",
    "name":"blur_on"
    },
    "logoSize":50,
    "showMenu":false,
    "showSearch":true,
    "showNotification":true,
    "showCart":false
    },
    {
    "layout":"spacer",
    "backgroundColor":null,
    "useLightColor":false,
    "height":17.4061433447099
    },
    {
    "parallax":false,
    "doubleTapToFullScreen":false,
    "isHorizontal":false,
    "fit":"fitWidth",
    "marginRight":null,
    "isBlur":false,
    "parallaxImageRatio":1.2,
    "showNumber":false,
    "design":"default",
    "showBackground":false,
    "radius":2,
    "enableTimeIndicator":true,
    "intervalTime":1,
    "padding":0,
    "upHeight":0,
    "pageIndicatorType":"line",
    "isSlider":true,
    "isSoundOn":false,
    "enableParallax":false,
    "autoPlayVideo":false,
    "marginLeft":null,
    "layout":"bannerImage",
    "marginBottom":0,
    "autoPlay":false,
    "items":[
    {
    "image":"https://trello.com/1/cards/63587806a57fae002ab4b20f/attachments/64f3a580d713d6833cd17362/download/web_2.webp",
    "bannerWithProduct":false,
    "showSubcategory":false,
    "video":"",
    "defaultShowProduct":false,
    "products":[]
    },
    {
    "image":"https://trello.com/1/cards/63587806a57fae002ab4b20f/attachments/64f3a5a10215a3de4c279d84/download/2_1270x.webp",
    "bannerWithProduct":false,
    "showSubcategory":false,
    "video":"",
    "defaultShowProduct":false,
    "products":[]
    }
    ],
    "marginTop":0
    },
    {
    "rotate":[],
    "usePrimaryColor":true,
    "paddingRight":15,
    "minWidth":0,
    "title":" ـــــــــــــــ أقسام كيتي الأساسية ـــــــــــــــ",
    "type":"static",
    "backgroundGradientColor":[],
    "marginLeft":22,
    "marginRight":0,
    "layout":"header_text",
    "paddingBottom":0,
    "showSearch":false,
    "borderInput":false,
    "textOpacity":1,
    "fontSize":18,
    "marginBottom":0,
    "paddingTop":0,
    "isSafeArea":false,
    "alignment":"center",
    "paddingLeft":5,
    "fontWeight":400,
    "marginTop":0,
    "height":65.5
    },
    {
    "line":false,
    "columns":4,
    "type":"image",
    "showShortDescription":true,
    "marginRight":0,
    "imageSpacing":0,
    "spacing":12,
    "itemSize":{
    "width":270,
    "height":118
    },
    "radius":16,
    "border":0.6,
    "imageBoxFit":"fitWidth",
    "labelFontSize":15,
    "separateWidth":24,
    "noBackground":false,
    "enableBorder":false,
    "marginX":0,
    "marginLeft":0,
    "marginY":0,
    "layout":"category",
    "paddingX":6,
    "imageBorderStyle":"dot",
    "imageBorderWidth":0,
    "size":1,
    "hideTitle":false,
    "textAlignment":"topCenter",
    "marginBottom":10,
    "horizontalItem":false,
    "wrap":true,
    "items":[
    {
    "image":"https://trello.com/1/cards/63587806a57fae002ab4b20f/attachments/64f3a64bbaf365e8d54a96f1/download/411bf8cb6ca15c12b1015460212f0241_320x.webp",
    "showDescription":false,
    "originalColor":true,
    "showText":false,
    "keepDefaultTitle":false,
    "onSale":false,
    "category":"gid://shopify/Collection/453699141921",
    "title":"T-Shirt",
    "isFeatured":false,
    "productType":false
    },
    {
    "image":"https://trello.com/1/cards/63587806a57fae002ab4b20f/attachments/64f3a66edf5a93c412573fde/download/0993e6997567337595ebc00900c80236_320x.webp",
    "showDescription":false,
    "originalColor":true,
    "showText":false,
    "keepDefaultTitle":false,
    "onSale":false,
    "category":"gid://shopify/Collection/456821047606",
    "title":"Jeans",
    "isFeatured":false,
    "productType":false
    },
    {
    "image":"https://trello.com/1/cards/63587806a57fae002ab4b20f/attachments/64f3a67a73be37d2c10dedaa/download/a94b88977e36f92a957bf6ae61a7c4c6_320x.webp",
    "showDescription":false,
    "originalColor":true,
    "showText":false,
    "keepDefaultTitle":false,
    "onSale":false,
    "title":"Jacket",
    "isFeatured":false,
    "productType":false
    },
    {
    "image":"https://trello.com/1/cards/63587806a57fae002ab4b20f/attachments/64f3a698c5d184f39f46217b/download/0ec64c6e54d272f893baaeec85b77af3_320x.webp",
    "showDescription":false,
    "originalColor":true,
    "showText":false,
    "keepDefaultTitle":false,
    "onSale":false,
    "category":"gid://shopify/Collection/456821145910",
    "title":"Suit",
    "isFeatured":false,
    "productType":false
    },
    {
    "image":"https://trello.com/1/cards/63587806a57fae002ab4b20f/attachments/64f3a6a85a1e6e05da4564d1/download/a4a66a13239469b6f3611853031ac909_320x.webp",
    "showDescription":false,
    "originalColor":true,
    "showText":false,
    "keepDefaultTitle":false,
    "onSale":false,
    "category":"gid://shopify/Collection/456820883766",
    "title":"Dress",
    "isFeatured":false,
    "productType":false
    },
    {
    "image":"https://trello.com/1/cards/63587806a57fae002ab4b20f/attachments/64f3a6b4b75728545d83bdac/download/a4a66a13239469b6f3611853031ac909_320x.webp",
    "showDescription":false,
    "originalColor":true,
    "showText":false,
    "keepDefaultTitle":false,
    "onSale":false,
    "category":"gid://shopify/Collection/453699305761",
    "title":"Bag",
    "isFeatured":false,
    "productType":false
    },
    {
    "image":"https://trello.com/1/cards/63587806a57fae002ab4b20f/attachments/64f3a6c7cb5833700a3b33c5/download/a4a66a13239469b6f3611853031ac909_320x.webp",
    "showDescription":false,
    "originalColor":true,
    "showText":false,
    "keepDefaultTitle":false,
    "onSale":false,
    "category":"gid://shopify/Collection/453699338529",
    "title":"Glasses",
    "isFeatured":false,
    "productType":false
    },
    {
    "image":"https://trello.com/1/cards/63587806a57fae002ab4b20f/attachments/64f3a6d92fd8167b66527e1c/download/a4a66a13239469b6f3611853031ac909_320x.webp",
    "showDescription":false,
    "originalColor":true,
    "showText":false,
    "keepDefaultTitle":false,
    "onSale":false,
    "category":"gid://shopify/Collection/453699371297",
    "title":"Hat",
    "isFeatured":false,
    "productType":false
    }
    ],
    "marginTop":0,
    "paddingY":6
    },
    {
    "parallax":false,
    "doubleTapToFullScreen":false,
    "isHorizontal":false,
    "fit":"cover",
    "marginRight":null,
    "isBlur":false,
    "parallaxImageRatio":1.2,
    "showNumber":false,
    "design":"default",
    "showBackground":false,
    "radius":0,
    "enableTimeIndicator":true,
    "height":0.3,
    "intervalTime":10,
    "padding":0,
    "upHeight":0,
    "pageIndicatorType":"line",
    "isSlider":true,
    "isSoundOn":false,
    "enableParallax":false,
    "autoPlayVideo":false,
    "marginLeft":null,
    "layout":"bannerImage",
    "marginBottom":0,
    "autoPlay":true,
    "items":[
    {
    "image":"https://trello.com/1/cards/63587806a57fae002ab4b20f/attachments/64f3a5c150b9010222380819/download/d_3_1920x.webp",
    "bannerWithProduct":false,
    "showSubcategory":false,
    "video":"",
    "defaultShowProduct":false,
    "products":[]
    }
    ],
    "marginTop":0
    },
    {
    "showCartIcon":false,
    "boxShadow":{
    "spreadRadius":10,
    "colorOpacity":0.1,
    "blurRadius":12.01010101010101,
    "x":4,
    "y":6
    },
    "imageBoxfit":"cover",
    "showStockStatus":false,
    "featured":false,
    "titleLine":2,
    "hideEmptyProductLayout":false,
    "showCountDown":false,
    "parallax":false,
    "columns":0,
    "hideStore":false,
    "vPadding":0,
    "showQuantity":false,
    "showHeart":false,
    "hMargin":6,
    "parallaxImageRatio":1.2,
    "showCartButtonWithQuantity":false,
    "vMargin":0,
    "showOnlyImage":false,
    "onSale":false,
    "productType":false,
    "image":"",
    "productListItemHeight":125,
    "showCartIconColor":true,
    "hPadding":8,
    "hidePrice":false,
    "rows":1,
    "enableBottomAddToCart":false,
    "layout":"threeColumn",
    "enableRating":false,
    "imageRatio":1.032813970726657,
    "hideTitle":false,
    "borderRadius":12,
    "cardDesign":"card",
    "backgroundRadius":10,
    "isSnapping":false,
    "showCartButton":true,
    "name":"Recent Collections",
    "cartIconRadius":20,
    "enableAutoSliding":false,
    "hideEmptyProductListRating":false
    }
    ],
    "aboutData":{
      "id":3,
      "container":{
      "height":0.45,
      "image":{
      "height":0.3,
      "width":1,
      "url":"https://khadrah.com/cdn/shop/files/web.png?v=1691247236&width=1370",
      "align":{
      "x":1,
      "y":1}
      },
      "header":{
      "align":{
      "x":0,
      "y":-0.8
      },
      "padding":{
      "horizontal":0,
      "vertical":0
      },
      "text":"من نحن",
      "subHeader":""}
      },
      "description":"عالم يتجدد على الدوام، فهل من المعقول أنك لم تغيّر صفحة “من نحن” الخاصة بشركتك، التي اعتمدتها منذ خمس سنوات مضت؟ أم أن شركتك لم تتطور وبقيت تُراوح مكانها منذ تأسيسها وإطلاق الموقع. هناك دائما قصص جديدة ومثيرة تحدث، أو قصص قديمة قيلت وتحتاج أن يتم قصّها بطرق أكثر إثارة، هناك أهداف تم تحقيقها، وأهداف أخرى سُطّرت في شركتك، أفكارٌ تغيرت، مهارات وأفك",
      "background":"#D4F1E5"
      
  },
  "privacyData":{
    "id":3,
    "container":{
    "height":0.45,
    "image":{
    "height":0.3,
    "width":1,
    "url":"https://khadrah.com/cdn/shop/files/web.png?v=1691247236&width=1370",
    "align":{
    "x":1,
    "y":1}
    },
    "header":{
    "align":{
    "x":0,
    "y":-0.8
    },
    "padding":{
    "horizontal":0,
    "vertical":0
    },
    "text":"من نحن",
    "subHeader":""}
    },
    "description":"عالم يتجدد على الدوام، فهل من المعقول أنك لم تغيّر صفحة “من نحن” الخاصة بشركتك، التي اعتمدتها منذ خمس سنوات مضت؟ أم أن شركتك لم تتطور وبقيت تُراوح مكانها منذ تأسيسها وإطلاق الموقع. هناك دائما قصص جديدة ومثيرة تحدث، أو قصص قديمة قيلت وتحتاج أن يتم قصّها بطرق أكثر إثارة، هناك أهداف تم تحقيقها، وأهداف أخرى سُطّرت في شركتك، أفكارٌ تغيرت، مهارات وأفك",
    "background":"#D4F1E5"
    
  },
  "smartChat":{"app":"https://wa.me/905528095357","description":"WhatsApp","iconData":"whatsapp"},
  "Setting":{
    "TabBarConfig":{
    "boxShadow":{
    "spreadRadius":10,
    "colorOpacity":0.25,
    "blurRadius":10,
    "x":0,
    "y":0
    },
    "enableOnTop":false,
    "color":null,
    "radiusTopLeft":0,
    "paddingRight":0,
    "radiusTopRight":0,
    "TabBarIndicator":{
    "strokeWidth":0,
    "color":"ff234bbb",
    "horizontalPadding":0,
    "topRightRadius":0,
    "tabPosition":"top",
    "bottomRightRadius":9.988863169703269,
    "bottomLeftRadius":9.980371609191021,
    "topLeftRadius":0,
    "paintingStyle":"fill",
    "distanceFromCenter":0,
    "radius":0,
    "verticalPadding":0,
    "height":0
    },
    "showMinimize":false,
    "marginRight":0,
    "enableDivider":true,
    "paddingBottom":0,
    "indicatorStyle":"material",
    "enable":true,
    "radiusBottomRight":0,
    "iconSize":23.025228226675463,
    "showFloatingClip":true,
    "paddingTop":0,
    "isSafeArea":true,
    "TabBarFloating":{
    "elevation":2.005172228538149,
    "color":"ff234bbb",
    "width":50,
    "floatingType":"rectangle",
    "location":"startDocked",
    "isCoverMode":false,
    "position":0,
    "notchMargin":4,
    "radius":50,
    "height":50
    },
    "showFloating":true,
    "colorActiveIcon":"ff000000",
    "colorCart":"fffe2060",
    "radiusBottomLeft":0,
    "alwaysShowTabBar":false,
    "marginLeft":0,
    "colorIcon":"ff234bbb",
    "marginBottom":0,
    "paddingLeft":0,
    "marginTop":0
    },
    "FontFamily":"Cairo",
    "FontHeader":"Cairo",
    "ProductDetail":"simpleType",
    "useMaterial3":false,
    "MainColor":"ff234bbb",
    "ShowChat":true,
    "AgeRestriction":{
    "enable":false,
    "alwaysShowUponOpen":true,
    "imageUrl":"",
    "minimumAge":21,
    "hintMessage":"What is your year of birth?",
    "useLogo":true,
    "title":"Welcome to our shop\nYou must be 21 or older to enter",
    "deniedMessage":"You are not of legal age to use this application",
    "backgroundImageUrl":""
    },
    "ProductListLayout":"list",
    "SmartEngagementBanner":{
    "popup":{
    "closePosition":"topRight",
    "updatedTime":1661314494281,
    "data":{
    "parallax":false,
    "enableParallax":false,
    "isHorizontal":false,
    "marginLeft":null,
    "layout":"bannerImage",
    "fit":"fitHeight",
    "marginRight":null,
    "parallaxImageRatio":1.2,
    "design":"static",
    "marginBottom":10,
    "items":[
    {
    "image":"https://i.imgur.com/ZL1LO75.png",
    "padding":0,
    "bannerWithProduct":false,
    "showSubcategory":false,
    "category":"22",
    "defaultShowProduct":false,
    "products":[]
    }
    ],
    "marginTop":10,
    "key":"p2oq4zc4hg",
    "height":0.45
    },
    "enable":false,
    "alwaysShowUponOpen":true
    },
    "flexible":{
    "canClose":true,
    "data":{
    "layout":"button",
    "marginBottom":0,
    "alignment":"topCenter",
    "items":[
    {
    "marginRight":0,
    "textFontSize":14,
    "image":"https://assets9.lottiefiles.com/private_files/lf30_a4mKwA.json",
    "useMaxWidth":true,
    "borderRadius":2,
    "width":100,
    "navigator":{
    "coupon":"blackf",
    "showSubcategory":false
    },
    "height":80,
    "marginLeft":0
    }
    ],
    "marginTop":0
    },
    "enable":false,
    "width":100,
    "canDrag":true,
    "height":100
    },
    "sticky":{
    "data":{
    "parallax":false,
    "enableParallax":false,
    "isHorizontal":false,
    "marginLeft":10,
    "layout":"bannerImage",
    "fit":"fitWidth",
    "marginRight":10,
    "parallaxImageRatio":1.2,
    "design":"static",
    "marginBottom":10,
    "items":[
    {
    "image":"https://i.imgur.com/LUaEM3v.jpeg",
    "padding":0,
    "coupon":"halfprice",
    "bannerWithProduct":false,
    "showSubcategory":false,
    "radius":9,
    "defaultShowProduct":false,
    "products":[]
    }
    ],
    "marginTop":10,
    "key":"ga8oe39k5t",
    "height":0.2
    },
    "enable":false}
    },
    "StickyHeader":false
    },
    "TabBar":[
      {
      "layout":"home",
      "fontFamily":"MaterialIcons",
      "visible":true,
      "fullscreen":false,
      "pos":100,
      "defaultTab":true,
      "icon":"home_filled"
      },
      {
      "layout":"category",
      "parallaxImageRatio":1.2,
      "images":{
      "gid://shopify/Collection/456820818230":{
      "fontFamily":"CupertinoIcons",
      "name":"circle_grid_3x3_fill"}
      },
      "fontFamily":"CupertinoIcons",
      "remapCategories":[
      {
      "parent":"gid://shopify/Collection/456821113142",
      "image":"https://trello.com/1/cards/63587806a57fae002ab4b20f/attachments/64ea07e33dcb9b9588ccbc2a/download/Artboard-1.png",
      "name":"عروض الهدايا",
      "category":"gid://shopify/Collection/456821080374"
      },
      {
      "parent":"gid://shopify/Collection/456821113142",
      "image":"https://trello.com/1/cards/63587806a57fae002ab4b20f/attachments/64ea088df7b7780c191d9d24/download/Artboard-1.png",
      "name":"كروت الاهداء",
      "category":"gid://shopify/Collection/456821375286"
      },
      {
      "parent":"gid://shopify/Collection/456816492854",
      "name":"نباتات بيتية",
      "category":"gid://shopify/Collection/456820818230"
      }
      ],
      "fullscreen":false,
      "pos":200,
      "parallax":true,
      "defaultTab":false,
      "icon":"cube_fill",
      "categoryLayout":"card"
      },
      {
      "layout":"cart",
      "fontFamily":"MaterialIcons",
      "visible":true,
      "fullscreen":false,
      "pos":300,
      "defaultTab":false,
      "icon":"shopping_cart_rounded"
      },
      {
      "layout":"profile",
      "settings":["darkTheme",
      "order",
      "notifications",
      "wishlist",
      "about",
      "privacy"],
      "fontFamily":"MaterialIcons",
      "visible":true,
      "fullscreen":false,
      "pos":400,
      "background":"https://trello.com/1/cards/63587806a57fae002ab4b20f/attachments/64f3a7334ab731221b9a6069/download/web_2.webp",
      "defaultTab":false,
      "icon":"person"
      }
      ],
      "Drawer":{
      "filter":0,
      "logoConfig":{
      "marginRight":0,
      "boxFit":"contain",
      "marginBottom":10,
      "marginTop":60,
      "height":38,
      "marginLeft":5
      },
      "enable":false,
      "logo":"assets/images/logo.png",
      "subDrawerItem":{
      "button-21ct7h9hyz":{
      "buttonAlignment":"centerLeft",
      "buttons":[
      {
      "textFontSize":14,
      "marginRight":5,
      "image":"https://i.imgur.com/zFA6wKx.png",
      "width":40,
      "navigator":{
      "screen":"wishlist",
      "showSubcategory":false
      },
      "radius":0,
      "marginLeft":5,
      "height":40
      },
      {
      "textFontSize":14,
      "marginRight":5,
      "width":100,
      "navigator":{
      "screen":"wishlist",
      "showSubcategory":false
      },
      "text":"Wishlist",
      "radius":0,
      "marginLeft":5,
      "height":40
      }
      ]}
      },
      "safeArea":false,
      "items":[
      {
      "show":true,
      "type":"home"
      },
      {
      "show":true,
      "type":"blog"
      },
      {
      "show":true,
      "type":"login"
      },
      {
      "show":true,
      "type":"category"
      },
      {
      "show":false,
      "type":"categories"
      },
      {
      "show":false,
      "type":"cart"
      },
      {
      "show":false,
      "type":"profile"
      }
      ],
      "key":"hsq0cv7ulj"
      },
      "AppBar":{
      "elevation":0,
      "pinned":true,
      "showOnScreens":["home"],
      "enable":false,
      "floating":true,
      "alwaysShowAppBar":false,
      "expandedItems":[],
      "items":[
      {
      "spacingText":3,
      "paddingRight":0,
      "icon":"person",
      "type":"avatar",
      "marginRight":4,
      "avatarRadius":100,
      "headerFontWeight":"400",
      "fontFamily":"CupertinoIcons",
      "paddingBottom":0,
      "headerFontSize":16,
      "pos":100,
      "action":"none",
      "iconSize":24,
      "paddingTop":0,
      "radius":100,
      "fontWeight":"400",
      "key":"l1ogdx2yzi",
      "backgroundColor":"ff609062",
      "headerTextOpacity":0.5,
      "marginLeft":10,
      "size":44,
      "iconColor":"ffffffff",
      "textOpacity":0.5,
      "fontSize":16,
      "marginBottom":4,
      "alignment":"center",
      "paddingLeft":0,
      "marginTop":4
      },
      {
      "headerTextColor":"ff000000",
      "headerText":"اهلا بكم في ",
      "spacingText":4,
      "paddingRight":4,
      "icon":"person",
      "type":"welcome_text",
      "title":"مرحبا {name}",
      "marginRight":4,
      "avatarRadius":100,
      "headerFontWeight":"500",
      "fontFamily":"CupertinoIcons",
      "paddingBottom":4,
      "headerFontSize":18,
      "pos":200,
      "action":"none",
      "iconSize":24,
      "paddingTop":4,
      "radius":24,
      "fontWeight":"400",
      "key":"bt2de7kkzh",
      "headerTextOpacity":1,
      "textColor":"ff000000",
      "marginLeft":4,
      "size":44,
      "textOpacity":1,
      "fontSize":16,
      "marginBottom":4,
      "alignment":"centerRight",
      "paddingLeft":4,
      "marginTop":4
      },
      {
      "spacingText":3,
      "paddingRight":4,
      "icon":"bell",
      "type":"icon",
      "marginRight":4,
      "avatarRadius":100,
      "headerFontWeight":"400",
      "fontFamily":"CupertinoIcons",
      "paddingBottom":4,
      "headerFontSize":16,
      "pos":400,
      "action":"notification",
      "iconSize":24,
      "paddingTop":4,
      "radius":24,
      "fontWeight":"400",
      "key":"gqhk6m5bgo",
      "headerTextOpacity":0.5,
      "marginLeft":4,
      "size":44,
      "textOpacity":0.5,
      "fontSize":16,
      "marginBottom":4,
      "alignment":"center",
      "paddingLeft":4,
      "marginTop":4
      }
      ],
      "snap":true}
   }