{
  "HorizonLayout":[
    {
    "showCart":true,
    "layout":"logo",
    "showMenu":false,
    "showNotification":true,
    "menuIcon":{
    "fontFamily":"CupertinoIcons",
    "name":"circle_grid_3x3_fill"
    },
    "showLogo":true,
    "showSearch":false
    },
    {
    "layout":"bannerImage",
    "design":"swiper",
    "isSlider":true,
    "autoPlay":true,
    "items":[
    {
    "image":"https://cdn.shopify.com/s/files/1/0667/8157/7441/files/IMG-20230830-WA0006.jpg",
    "showSubcategory":false,
    "bannerWithProduct":false,
    "defaultShowProduct":false,
    "products":[]
    },
    {
    "image":"https://cdn.shopify.com/s/files/1/0667/8157/7441/files/WhatsApp_Image_2023-07-27_at_15.29.23.jpg",
    "showSubcategory":false,
    "bannerWithProduct":false,
    "defaultShowProduct":false,
    "products":[]
    },
    {
    "image":"https://cdn.shopify.com/s/files/1/0667/8157/7441/files/1_copy_19.png?v=1690461339",
    "showSubcategory":false,
    "bannerWithProduct":false,
    "defaultShowProduct":false,
    "products":[]
    },
    {
    "image":"https://cdn.shopify.com/s/files/1/0667/8157/7441/files/1_copy_18.png",
    "showSubcategory":false,
    "bannerWithProduct":false,
    "defaultShowProduct":false,
    "products":[]
    }
    ],
    "marginBottom":0,
    "marginRight":null,
    "marginTop":0,
    "radius":2,
    "padding":0,
    "enableParallax":false,
    "parallaxImageRatio":1.2,
    "isHorizontal":false,
    "intervalTime":1,
    "showNumber":false,
    "isBlur":false,
    "showBackground":false,
    "upHeight":0,
    "parallax":false
    },
    {
    "marginBottom":0,
    "marginRight":10,
    "parallax":false,
    "marginTop":10,
    "enableParallax":false,
    "items":[
    {
    "defaultShowProduct":false,
    "padding":5,
    "category":"gid://shopify/Collection/411127775457",
    "image":"https://cdn.shopify.com/s/files/1/0667/8157/7441/files/1_copy_9-3.png",
    "showSubcategory":false,
    "products":[],
    "bannerWithProduct":false
    },
    {
    "padding":5,
    "defaultShowProduct":false,
    "image":"https://cdn.shopify.com/s/files/1/0667/8157/7441/files/1_copy_9-1.png",
    "showSubcategory":false,
    "bannerWithProduct":false,
    "products":[],
    "category":"gid://shopify/Collection/411127546081"
    }
    ],
    "layout":"bannerImage",
    "parallaxImageRatio":1.2,
    "isHorizontal":false,
    "design":"static",
    "fit":"fitWidth",
    "marginLeft":10
    },
    {
    "marginBottom":0,
    "design":"static",
    "marginTop":10,
    "enableParallax":false,
    "isHorizontal":false,
    "fit":"fitWidth",
    "layout":"bannerImage",
    "marginRight":10,
    "parallaxImageRatio":1.2,
    "items":[
    {
    "category":"gid://shopify/Collection/411127677153",
    "showSubcategory":false,
    "defaultShowProduct":false,
    "image":"https://cdn.shopify.com/s/files/1/0667/8157/7441/files/1_copy_9-4.png",
    "padding":5,
    "products":[],
    "bannerWithProduct":false
    },
    {
    "defaultShowProduct":false,
    "category":"gid://shopify/Collection/411127709921",
    "showSubcategory":false,
    "products":[],
    "bannerWithProduct":false,
    "image":"https://cdn.shopify.com/s/files/1/0667/8157/7441/files/1_copy_9_201d92f0-d20a-4f58-bcfe-bac4a09ddd04.png",
    "padding":5
    }
    ],
    "parallax":false,
    "marginLeft":10
    },
    {
    "isSafeArea":true,
    "showSearch":false,
    "usePrimaryColor":true,
    "borderInput":false,
    "title":"البرندات الاكثر طلباً",
    "type":"static",
    "textColor":"ff000000",
    "alignment":"center",
    "fontWeight":800,
    "fontSize":22,
    "textOpacity":1,
    "marginLeft":0,
    "marginRight":0,
    "marginBottom":5,
    "marginTop":5,
    "paddingLeft":5,
    "paddingRight":5,
    "paddingTop":0,
    "paddingBottom":0,
    "height":42.5,
    "rotate":[],
    "minWidth":0,
    "layout":"header_text"
    },
    {
    "layout":"category",
    "type":"image",
    "wrap":true,
    "showShortDescription":true,
    "size":1,
    "radius":0,
    "spacing":12,
    "items":[
    {
    "category":"gid://shopify/Collection/411130953953",
    "image":"https://cdn.shopify.com/s/files/1/0667/8157/7441/files/1_copy_6_732e52b6-693a-4740-a695-be2a042d7932.png?v=1691513139",
    "showText":false,
    "originalColor":true,
    "keepDefaultTitle":false,
    "showDescription":false,
    "title":"Suit"
    },
    {
    "category":"gid://shopify/Collection/411130757345",
    "image":"https://cdn.shopify.com/s/files/1/0667/8157/7441/files/1_copy_3_2d85fded-1a52-4ac4-803d-5f6a2dc63917.png?v=1691513139",
    "showText":false,
    "originalColor":true,
    "keepDefaultTitle":false,
    "showDescription":false,
    "title":"Bag"
    },
    {
    "category":"gid://shopify/Collection/411129839841",
    "image":"https://cdn.shopify.com/s/files/1/0667/8157/7441/files/1_copy_bf96e8d0-3294-41bd-9d3c-0606e77f32a2.png?v=1691513139",
    "showText":false,
    "originalColor":true,
    "keepDefaultTitle":false,
    "showDescription":false,
    "title":"Jacke"
    },
    {
    "category":"gid://shopify/Collection/411130659041",
    "image":"https://cdn.shopify.com/s/files/1/0667/8157/7441/files/1_copy_7_5c468ffb-012e-4ff7-b182-ad0b6ef4a404.png?v=1691513139",
    "showText":false,
    "originalColor":true,
    "keepDefaultTitle":false,
    "showDescription":false,
    "title":"Hat"
    },
    {
    "category":"gid://shopify/Collection/411130364129",
    "image":"https://cdn.shopify.com/s/files/1/0667/8157/7441/files/1_copy_5_a25d87bf-68b2-4676-91b7-2edf8aa713f7.png?v=1691513139",
    "showText":false,
    "originalColor":true,
    "keepDefaultTitle":false,
    "showDescription":false,
    "title":"Glasses"
    },
    {
    "category":"gid://shopify/Collection/411130495201",
    "image":"https://cdn.shopify.com/s/files/1/0667/8157/7441/files/1_0befa83a-b7bb-4043-a631-889f26eb7576.png?v=1691513140",
    "showText":false,
    "originalColor":true,
    "keepDefaultTitle":false,
    "showDescription":false
    },
    {
    "category":"gid://shopify/Collection/411130888417",
    "image":"https://cdn.shopify.com/s/files/1/0667/8157/7441/files/1_copy_2_22e94218-eb7d-4151-a42b-81840b7b05a8.png?v=1691513139",
    "showText":false,
    "originalColor":true,
    "keepDefaultTitle":false,
    "showDescription":false,
    "title":"T-Shirt"
    },
    {
    "category":"gid://shopify/Collection/411130527969",
    "image":"https://cdn.shopify.com/s/files/1/0667/8157/7441/files/1_copy_4_faaadcc7-9570-47ee-9912-a2923e839b92.png?v=1691513139",
    "showText":false,
    "originalColor":true,
    "keepDefaultTitle":false,
    "showDescription":false,
    "title":"Dress"
    }
    ],
    "line":false,
    "marginLeft":10,
    "marginRight":10,
    "marginTop":0,
    "marginBottom":10,
    "paddingX":0,
    "paddingY":0,
    "marginX":0,
    "marginY":0,
    "hideTitle":false,
    "noBackground":false,
    "imageBorderWidth":0,
    "imageBorderColor":"ffe61a00",
    "imageBorderStyle":"dot",
    "imageSpacing":0,
    "labelFontSize":14,
    "border":0,
    "enableBorder":false,
    "textAlignment":"topCenter",
    "imageBoxFit":"contain",
    "columns":2,
    "itemSize":{
    "width":600,
    "height":118}
    },
    {
    "hidePrice":false,
    "hideTitle":false,
    "hideStore":false,
    "layout":"threeColumn",
    "showQuantity":false,
    "hideEmptyProductLayout":false,
    "imageRatio":1.2,
    "marginBGP":{
    "left":0,
    "right":0,
    "top":0,
    "bottom":0
    },
    "showCartIcon":false,
    "showHeart":false,
    "cardDesign":"card",
    "borderRadius":9,
    "rows":1,
    "hMargin":6,
    "hPadding":9,
    "vPadding":2,
    "hideEmptyProductListRating":false,
    "enableBottomAddToCart":false,
    "featured":false,
    "image":"",
    "showOnlyImage":false,
    "showStockStatus":false,
    "paddingBGP":{
    "left":0,
    "right":0,
    "top":14.814814814814842,
    "bottom":0
    },
    "backgroundBoxFit":"cover",
    "parallaxImageRatio":1.2,
    "showCartButtonWithQuantity":false,
    "showCartButton":true,
    "isSnapping":false,
    "enableRating":true,
    "imageBoxfit":"cover",
    "vMargin":0,
    "cartIconRadius":9,
    "onSale":false,
    "category":"gid://shopify/Collection/453692522785",
    "columns":0,
    "parallax":false,
    "spaceWidth":108.33333333333337,
    "showCountDown":false,
    "backgroundRadius":0,
    "showCartIconColor":false,
    "name":"قسم التخفيضات",
    "backgroundHeight":287,
    "productListItemHeight":125,
    "enableAutoSliding":false,
    "productType":false
    },
    {
    "backgroundRadius":0,
    "columns":0,
    "backgroundBoxFit":"cover",
    "borderRadius":9,
    "enableRating":true,
    "category":"gid://shopify/Collection/453692522785",
    "backgroundHeight":287,
    "cartIconRadius":9,
    "onSale":false,
    "showCartIconColor":false,
    "hideStore":false,
    "spaceWidth":108.33333333333337,
    "parallax":true,
    "showCartButton":true,
    "paddingBGP":{
    "left":0,
    "right":0,
    "top":14.814814814814842,
    "bottom":0
    },
    "enableBottomAddToCart":false,
    "hideTitle":false,
    "isSnapping":false,
    "hideEmptyProductLayout":false,
    "showCountDown":false,
    "showCartButtonWithQuantity":false,
    "showHeart":false,
    "hideEmptyProductListRating":false,
    "imageRatio":1.2,
    "rows":1,
    "showOnlyImage":false,
    "imageBoxfit":"contain",
    "hPadding":9,
    "vPadding":2,
    "hidePrice":false,
    "marginBGP":{
    "left":0,
    "right":0,
    "top":0,
    "bottom":0
    },
    "image":"",
    "showQuantity":false,
    "layout":"threeColumn",
    "cardDesign":"card",
    "hMargin":6,
    "vMargin":0,
    "parallaxImageRatio":1.2,
    "showCartIcon":false,
    "featured":false,
    "showStockStatus":false,
    "name":"قسم القطط",
    "productListItemHeight":125,
    "enableAutoSliding":false,
    "productType":false
    },
    {
    "hidePrice":false,
    "hideTitle":false,
    "hideStore":false,
    "layout":"threeColumn",
    "showQuantity":false,
    "hideEmptyProductLayout":false,
    "imageRatio":1.2,
    "marginBGP":{
    "left":0,
    "right":0,
    "top":0,
    "bottom":0
    },
    "showCartIcon":false,
    "showHeart":false,
    "cardDesign":"card",
    "borderRadius":9,
    "rows":1,
    "hMargin":6,
    "hPadding":9,
    "vPadding":2,
    "hideEmptyProductListRating":false,
    "enableBottomAddToCart":false,
    "featured":false,
    "image":"",
    "showOnlyImage":false,
    "showStockStatus":false,
    "paddingBGP":{
    "left":0,
    "right":0,
    "top":14.814814814814842,
    "bottom":0
    },
    "backgroundBoxFit":"cover",
    "parallaxImageRatio":1.2,
    "showCartButtonWithQuantity":false,
    "showCartButton":true,
    "isSnapping":false,
    "enableRating":true,
    "imageBoxfit":"contain",
    "vMargin":0,
    "cartIconRadius":9,
    "onSale":false,
    "category":"gid://shopify/Collection/453692522785",
    "columns":0,
    "parallax":false,
    "spaceWidth":108.33333333333337,
    "showCountDown":false,
    "backgroundRadius":0,
    "showCartIconColor":false,
    "name":"قسم الكلاب",
    "backgroundHeight":287,
    "productListItemHeight":125,
    "enableAutoSliding":false,
    "productType":false
    }
    ],
"aboutData":{
  "id":3,
  "container":{
  "height":0.45,
  "image":{
    "imageBoxfit":"contain",
    "fit":"contain",
  "height":0.3,
  "width":1,
  "url":"https://i.imgur.com/ZbsoG27.png",
  "align":{
  "x":1,
  "y":1}
  },
  "header":{
  "align":{
  "x":0,
  "y":-0.8
  },
  "padding":{
  "horizontal":0,
  "vertical":0
  },
  "text":"من نحن",
  "subHeader":""}
  },
  "description":"عالم يتجدد على الدوام، فهل من المعقول أنك لم تغيّر صفحة “من نحن” الخاصة بشركتك، التي اعتمدتها منذ خمس سنوات مضت؟ أم أن شركتك لم تتطور وبقيت تُراوح مكانها منذ تأسيسها وإطلاق الموقع. هناك دائما قصص جديدة ومثيرة تحدث، أو قصص قديمة قيلت وتحتاج أن يتم قصّها بطرق أكثر إثارة، هناك أهداف تم تحقيقها، وأهداف أخرى سُطّرت في شركتك، أفكارٌ تغيرت، مهارات وأفك",
  "background":"#D4F1E5"
  
},
"privacyData":{
"id":3,
"container":{
"height":0.45,
"image":{
"height":0.3,
"width":1,
"url":"https://i.imgur.com/ZbsoG27.png",
"align":{
"x":1,
"y":1}
},
"header":{
"align":{
"x":0,
"y":-0.8
},
"padding":{
"horizontal":0,
"vertical":0
},
"text":"من نحن",
"subHeader":""}
},
"description":"عالم يتجدد على الدوام، فهل من المعقول أنك لم تغيّر صفحة “من نحن” الخاصة بشركتك، التي اعتمدتها منذ خمس سنوات مضت؟ أم أن شركتك لم تتطور وبقيت تُراوح مكانها منذ تأسيسها وإطلاق الموقع. هناك دائما قصص جديدة ومثيرة تحدث، أو قصص قديمة قيلت وتحتاج أن يتم قصّها بطرق أكثر إثارة، هناك أهداف تم تحقيقها، وأهداف أخرى سُطّرت في شركتك، أفكارٌ تغيرت، مهارات وأفك",
"background":"#D4F1E5"

},
"smartChat":{"app":"https://wa.me/905528095357","description":"WhatsApp","iconData":"whatsapp"},
"Setting":{
"TabBarConfig":{
"boxShadow":{
"spreadRadius":10,
"colorOpacity":0.25,
"blurRadius":10,
"x":0,
"y":0
},
"enableOnTop":false,
"color":null,
"radiusTopLeft":0,
"paddingRight":0,
"radiusTopRight":0,
"TabBarIndicator":{
"strokeWidth":0,
"color":"ff234bbb",
"horizontalPadding":0,
"topRightRadius":0,
"tabPosition":"top",
"bottomRightRadius":9.988863169703269,
"bottomLeftRadius":9.980371609191021,
"topLeftRadius":0,
"paintingStyle":"fill",
"distanceFromCenter":0,
"radius":0,
"verticalPadding":0,
"height":0
},
"showMinimize":false,
"marginRight":0,
"enableDivider":true,
"paddingBottom":0,
"indicatorStyle":"material",
"enable":true,
"radiusBottomRight":0,
"iconSize":23.025228226675463,
"showFloatingClip":true,
"paddingTop":0,
"isSafeArea":true,
"TabBarFloating":{
"elevation":2.005172228538149,
"color":"ff234bbb",
"width":50,
"floatingType":"rectangle",
"location":"startDocked",
"isCoverMode":false,
"position":0,
"notchMargin":4,
"radius":50,
"height":50
},
"showFloating":true,
"colorActiveIcon":"ff000000",
"colorCart":"fffe2060",
"radiusBottomLeft":0,
"alwaysShowTabBar":false,
"marginLeft":0,
"colorIcon":"ff234bbb",
"marginBottom":0,
"paddingLeft":0,
"marginTop":0
},
"FontFamily":"Cairo",
"FontHeader":"Cairo",
"ProductDetail":"simpleType",
"useMaterial3":false,
"MainColor":"ff234bbb",
"ShowChat":true,
"AgeRestriction":{
"enable":false,
"alwaysShowUponOpen":true,
"imageUrl":"",
"minimumAge":21,
"hintMessage":"What is your year of birth?",
"useLogo":true,
"title":"Welcome to our shop\nYou must be 21 or older to enter",
"deniedMessage":"You are not of legal age to use this application",
"backgroundImageUrl":""
},
"ProductListLayout":"list",
"SmartEngagementBanner":{
"popup":{
"closePosition":"topRight",
"updatedTime":1661314494281,
"data":{
"parallax":false,
"enableParallax":false,
"isHorizontal":false,
"marginLeft":null,
"layout":"bannerImage",
"fit":"fitHeight",
"marginRight":null,
"parallaxImageRatio":1.2,
"design":"static",
"marginBottom":10,
"items":[
{
"image":"https://i.imgur.com/ZL1LO75.png",
"padding":0,
"bannerWithProduct":false,
"showSubcategory":false,
"category":"22",
"defaultShowProduct":false,
"products":[]
}
],
"marginTop":10,
"key":"p2oq4zc4hg",
"height":0.45
},
"enable":false,
"alwaysShowUponOpen":true
},
"flexible":{
"canClose":true,
"data":{
"layout":"button",
"marginBottom":0,
"alignment":"topCenter",
"items":[
{
"marginRight":0,
"textFontSize":14,
"image":"https://assets9.lottiefiles.com/private_files/lf30_a4mKwA.json",
"useMaxWidth":true,
"borderRadius":2,
"width":100,
"navigator":{
"coupon":"blackf",
"showSubcategory":false
},
"height":80,
"marginLeft":0
}
],
"marginTop":0
},
"enable":false,
"width":100,
"canDrag":true,
"height":100
},
"sticky":{
"data":{
"parallax":false,
"enableParallax":false,
"isHorizontal":false,
"marginLeft":10,
"layout":"bannerImage",
"fit":"fitWidth",
"marginRight":10,
"parallaxImageRatio":1.2,
"design":"static",
"marginBottom":10,
"items":[
{
"image":"https://i.imgur.com/LUaEM3v.jpeg",
"padding":0,
"coupon":"halfprice",
"bannerWithProduct":false,
"showSubcategory":false,
"radius":9,
"defaultShowProduct":false,
"products":[]
}
],
"marginTop":10,
"key":"ga8oe39k5t",
"height":0.2
},
"enable":false}
},
"StickyHeader":false
},
"TabBar":[
  {
  "layout":"home",
  "fontFamily":"MaterialIcons",
  "visible":true,
  "fullscreen":false,
  "pos":100,
  "defaultTab":true,
  "icon":"home_filled"
  },
  {
  "layout":"category",
  "parallaxImageRatio":1.2,
  "images":{
  "gid://shopify/Collection/456820818230":{
  "fontFamily":"CupertinoIcons",
  "name":"circle_grid_3x3_fill"}
  },
  "fontFamily":"CupertinoIcons",
  "remapCategories":[
  {
  "parent":"gid://shopify/Collection/456821113142",
  "image":"https://trello.com/1/cards/63587806a57fae002ab4b20f/attachments/64ea07e33dcb9b9588ccbc2a/download/Artboard-1.png",
  "name":"عروض الهدايا",
  "category":"gid://shopify/Collection/456821080374"
  },
  {
  "parent":"gid://shopify/Collection/456821113142",
  "image":"https://trello.com/1/cards/63587806a57fae002ab4b20f/attachments/64ea088df7b7780c191d9d24/download/Artboard-1.png",
  "name":"كروت الاهداء",
  "category":"gid://shopify/Collection/456821375286"
  },
  {
  "parent":"gid://shopify/Collection/456816492854",
  "name":"نباتات بيتية",
  "category":"gid://shopify/Collection/456820818230"
  }
  ],
  "fullscreen":false,
  "pos":200,
  "parallax":true,
  "defaultTab":false,
  "icon":"cube_fill",
  "categoryLayout":"card"
  },
  {
  "layout":"cart",
  "fontFamily":"MaterialIcons",
  "visible":true,
  "fullscreen":false,
  "pos":300,
  "defaultTab":false,
  "icon":"shopping_cart_rounded"
  },
  {
  "layout":"profile",
  "settings":["darkTheme",
  "order",
  "notifications",
  "wishlist",
  "about",
  "privacy"],
  "fontFamily":"MaterialIcons",
  "visible":true,
  "fullscreen":false,
  "pos":400,
  "background":"https://trello.com/1/cards/63587806a57fae002ab4b20f/attachments/64f3a7334ab731221b9a6069/download/web_2.webp",
  "defaultTab":false,
  "icon":"person"
  }
  ],
  "Drawer":{
  "filter":0,
  "logoConfig":{
  "marginRight":0,
  "boxFit":"contain",
  "marginBottom":10,
  "marginTop":60,
  "height":38,
  "marginLeft":5
  },
  "enable":false,
  "logo":"assets/images/logo.png",
  "subDrawerItem":{
  "button-21ct7h9hyz":{
  "buttonAlignment":"centerLeft",
  "buttons":[
  {
  "textFontSize":14,
  "marginRight":5,
  "image":"https://i.imgur.com/zFA6wKx.png",
  "width":40,
  "navigator":{
  "screen":"wishlist",
  "showSubcategory":false
  },
  "radius":0,
  "marginLeft":5,
  "height":40
  },
  {
  "textFontSize":14,
  "marginRight":5,
  "width":100,
  "navigator":{
  "screen":"wishlist",
  "showSubcategory":false
  },
  "text":"Wishlist",
  "radius":0,
  "marginLeft":5,
  "height":40
  }
  ]}
  },
  "safeArea":false,
  "items":[
  {
  "show":true,
  "type":"home"
  },
  {
  "show":true,
  "type":"blog"
  },
  {
  "show":true,
  "type":"login"
  },
  {
  "show":true,
  "type":"category"
  },
  {
  "show":false,
  "type":"categories"
  },
  {
  "show":false,
  "type":"cart"
  },
  {
  "show":false,
  "type":"profile"
  }
  ],
  "key":"hsq0cv7ulj"
  },
  "AppBar":{
  "elevation":0,
  "pinned":true,
  "showOnScreens":["home"],
  "enable":false,
  "floating":true,
  "alwaysShowAppBar":false,
  "expandedItems":[],
  "items":[
  {
  "spacingText":3,
  "paddingRight":0,
  "icon":"person",
  "type":"avatar",
  "marginRight":4,
  "avatarRadius":100,
  "headerFontWeight":"400",
  "fontFamily":"CupertinoIcons",
  "paddingBottom":0,
  "headerFontSize":16,
  "pos":100,
  "action":"none",
  "iconSize":24,
  "paddingTop":0,
  "radius":100,
  "fontWeight":"400",
  "key":"l1ogdx2yzi",
  "backgroundColor":"ff609062",
  "headerTextOpacity":0.5,
  "marginLeft":10,
  "size":44,
  "iconColor":"ffffffff",
  "textOpacity":0.5,
  "fontSize":16,
  "marginBottom":4,
  "alignment":"center",
  "paddingLeft":0,
  "marginTop":4
  },
  {
  "headerTextColor":"ff000000",
  "headerText":"اهلا بكم في ",
  "spacingText":4,
  "paddingRight":4,
  "icon":"person",
  "type":"welcome_text",
  "title":"مرحبا {name}",
  "marginRight":4,
  "avatarRadius":100,
  "headerFontWeight":"500",
  "fontFamily":"CupertinoIcons",
  "paddingBottom":4,
  "headerFontSize":18,
  "pos":200,
  "action":"none",
  "iconSize":24,
  "paddingTop":4,
  "radius":24,
  "fontWeight":"400",
  "key":"bt2de7kkzh",
  "headerTextOpacity":1,
  "textColor":"ff000000",
  "marginLeft":4,
  "size":44,
  "textOpacity":1,
  "fontSize":16,
  "marginBottom":4,
  "alignment":"centerRight",
  "paddingLeft":4,
  "marginTop":4
  },
  {
  "spacingText":3,
  "paddingRight":4,
  "icon":"bell",
  "type":"icon",
  "marginRight":4,
  "avatarRadius":100,
  "headerFontWeight":"400",
  "fontFamily":"CupertinoIcons",
  "paddingBottom":4,
  "headerFontSize":16,
  "pos":400,
  "action":"notification",
  "iconSize":24,
  "paddingTop":4,
  "radius":24,
  "fontWeight":"400",
  "key":"gqhk6m5bgo",
  "headerTextOpacity":0.5,
  "marginLeft":4,
  "size":44,
  "textOpacity":0.5,
  "fontSize":16,
  "marginBottom":4,
  "alignment":"center",
  "paddingLeft":4,
  "marginTop":4
  }
  ],
  "snap":true}
   }